[
    {
        "name": "automater-pl/rest-php-sdk",
        "version": "0.1.8",
        "version_normalized": "0.1.8.0",
        "source": {
            "type": "git",
            "url": "https://github.com/automater-pl/rest-php-sdk.git",
            "reference": "99451d8c5515f285149870a2035e91733986cdcc"
        },
        "dist": {
            "type": "zip",
            "url": "https://api.github.com/repos/automater-pl/rest-php-sdk/zipball/99451d8c5515f285149870a2035e91733986cdcc",
            "reference": "99451d8c5515f285149870a2035e91733986cdcc",
            "shasum": ""
        },
        "require": {
            "doctrine/collections": "^1.4.0",
            "guzzlehttp/guzzle": "^6.3.0",
            "php": ">=5.5"
        },
        "time": "2019-10-29T16:43:53+00:00",
        "type": "library",
        "installation-source": "dist",
        "autoload": {
            "psr-4": {
                "AutomaterSDK\\": "src/"
            }
        },
        "notification-url": "https://packagist.org/downloads/",
        "license": [
            "proprietary"
        ],
        "authors": [
            {
                "name": "Automater sp. z o.o.",
                "email": "kontakt@automater.pl"
            }
        ],
        "description": "PHP SDK for Automater REST API"
    },
    {
        "name": "container-interop/container-interop",
        "version": "1.2.0",
        "version_normalized": "1.2.0.0",
        "source": {
            "type": "git",
            "url": "https://github.com/container-interop/container-interop.git",
            "reference": "79cbf1341c22ec75643d841642dd5d6acd83bdb8"
        },
        "dist": {
            "type": "zip",
            "url": "https://api.github.com/repos/container-interop/container-interop/zipball/79cbf1341c22ec75643d841642dd5d6acd83bdb8",
            "reference": "79cbf1341c22ec75643d841642dd5d6acd83bdb8",
            "shasum": ""
        },
        "require": {
            "psr/container": "^1.0"
        },
        "time": "2017-02-14T19:40:03+00:00",
        "type": "library",
        "installation-source": "dist",
        "autoload": {
            "psr-4": {
                "Interop\\Container\\": "src/Interop/Container/"
            }
        },
        "notification-url": "https://packagist.org/downloads/",
        "license": [
            "MIT"
        ],
        "description": "Promoting the interoperability of container objects (DIC, SL, etc.)",
        "homepage": "https://github.com/container-interop/container-interop",
        "abandoned": "psr/container"
    },
    {
        "name": "doctrine/collections",
        "version": "1.6.4",
        "version_normalized": "1.6.4.0",
        "source": {
            "type": "git",
            "url": "https://github.com/doctrine/collections.git",
            "reference": "6b1e4b2b66f6d6e49983cebfe23a21b7ccc5b0d7"
        },
        "dist": {
            "type": "zip",
            "url": "https://api.github.com/repos/doctrine/collections/zipball/6b1e4b2b66f6d6e49983cebfe23a21b7ccc5b0d7",
            "reference": "6b1e4b2b66f6d6e49983cebfe23a21b7ccc5b0d7",
            "shasum": ""
        },
        "require": {
            "php": "^7.1.3"
        },
        "require-dev": {
            "doctrine/coding-standard": "^6.0",
            "phpstan/phpstan-shim": "^0.9.2",
            "phpunit/phpunit": "^7.0",
            "vimeo/psalm": "^3.2.2"
        },
        "time": "2019-11-13T13:07:11+00:00",
        "type": "library",
        "extra": {
            "branch-alias": {
                "dev-master": "1.6.x-dev"
            }
        },
        "installation-source": "dist",
        "autoload": {
            "psr-4": {
                "Doctrine\\Common\\Collections\\": "lib/Doctrine/Common/Collections"
            }
        },
        "notification-url": "https://packagist.org/downloads/",
        "license": [
            "MIT"
        ],
        "authors": [
            {
                "name": "Guilherme Blanco",
                "email": "guilhermeblanco@gmail.com"
            },
            {
                "name": "Roman Borschel",
                "email": "roman@code-factory.org"
            },
            {
                "name": "Benjamin Eberlei",
                "email": "kontakt@beberlei.de"
            },
            {
                "name": "Jonathan Wage",
                "email": "jonwage@gmail.com"
            },
            {
                "name": "Johannes Schmitt",
                "email": "schmittjoh@gmail.com"
            }
        ],
        "description": "PHP Doctrine Collections library that adds additional functionality on top of PHP arrays.",
        "homepage": "https://www.doctrine-project.org/projects/collections.html",
        "keywords": [
            "array",
            "collections",
            "iterators",
            "php"
        ]
    },
    {
        "name": "guzzlehttp/guzzle",
        "version": "6.5.3",
        "version_normalized": "6.5.3.0",
        "source": {
            "type": "git",
            "url": "https://github.com/guzzle/guzzle.git",
            "reference": "aab4ebd862aa7d04f01a4b51849d657db56d882e"
        },
        "dist": {
            "type": "zip",
            "url": "https://api.github.com/repos/guzzle/guzzle/zipball/aab4ebd862aa7d04f01a4b51849d657db56d882e",
            "reference": "aab4ebd862aa7d04f01a4b51849d657db56d882e",
            "shasum": ""
        },
        "require": {
            "ext-json": "*",
            "guzzlehttp/promises": "^1.0",
            "guzzlehttp/psr7": "^1.6.1",
            "php": ">=5.5",
            "symfony/polyfill-intl-idn": "^1.11"
        },
        "require-dev": {
            "ext-curl": "*",
            "phpunit/phpunit": "^4.8.35 || ^5.7 || ^6.4 || ^7.0",
            "psr/log": "^1.1"
        },
        "suggest": {
            "psr/log": "Required for using the Log middleware"
        },
        "time": "2020-04-18T10:38:46+00:00",
        "type": "library",
        "extra": {
            "branch-alias": {
                "dev-master": "6.5-dev"
            }
        },
        "installation-source": "dist",
        "autoload": {
            "psr-4": {
                "GuzzleHttp\\": "src/"
            },
            "files": [
                "src/functions_include.php"
            ]
        },
        "notification-url": "https://packagist.org/downloads/",
        "license": [
            "MIT"
        ],
        "authors": [
            {
                "name": "Michael Dowling",
                "email": "mtdowling@gmail.com",
                "homepage": "https://github.com/mtdowling"
            }
        ],
        "description": "Guzzle is a PHP HTTP client library",
        "homepage": "http://guzzlephp.org/",
        "keywords": [
            "client",
            "curl",
            "framework",
            "http",
            "http client",
            "rest",
            "web service"
        ]
    },
    {
        "name": "guzzlehttp/promises",
        "version": "v1.3.1",
        "version_normalized": "1.3.1.0",
        "source": {
            "type": "git",
            "url": "https://github.com/guzzle/promises.git",
            "reference": "a59da6cf61d80060647ff4d3eb2c03a2bc694646"
        },
        "dist": {
            "type": "zip",
            "url": "https://api.github.com/repos/guzzle/promises/zipball/a59da6cf61d80060647ff4d3eb2c03a2bc694646",
            "reference": "a59da6cf61d80060647ff4d3eb2c03a2bc694646",
            "shasum": ""
        },
        "require": {
            "php": ">=5.5.0"
        },
        "require-dev": {
            "phpunit/phpunit": "^4.0"
        },
        "time": "2016-12-20T10:07:11+00:00",
        "type": "library",
        "extra": {
            "branch-alias": {
                "dev-master": "1.4-dev"
            }
        },
        "installation-source": "dist",
        "autoload": {
            "psr-4": {
                "GuzzleHttp\\Promise\\": "src/"
            },
            "files": [
                "src/functions_include.php"
            ]
        },
        "notification-url": "https://packagist.org/downloads/",
        "license": [
            "MIT"
        ],
        "authors": [
            {
                "name": "Michael Dowling",
                "email": "mtdowling@gmail.com",
                "homepage": "https://github.com/mtdowling"
            }
        ],
        "description": "Guzzle promises library",
        "keywords": [
            "promise"
        ]
    },
    {
        "name": "guzzlehttp/psr7",
        "version": "1.6.1",
        "version_normalized": "1.6.1.0",
        "source": {
            "type": "git",
            "url": "https://github.com/guzzle/psr7.git",
            "reference": "239400de7a173fe9901b9ac7c06497751f00727a"
        },
        "dist": {
            "type": "zip",
            "url": "https://api.github.com/repos/guzzle/psr7/zipball/239400de7a173fe9901b9ac7c06497751f00727a",
            "reference": "239400de7a173fe9901b9ac7c06497751f00727a",
            "shasum": ""
        },
        "require": {
            "php": ">=5.4.0",
            "psr/http-message": "~1.0",
            "ralouphie/getallheaders": "^2.0.5 || ^3.0.0"
        },
        "provide": {
            "psr/http-message-implementation": "1.0"
        },
        "require-dev": {
            "ext-zlib": "*",
            "phpunit/phpunit": "~4.8.36 || ^5.7.27 || ^6.5.8"
        },
        "suggest": {
            "zendframework/zend-httphandlerrunner": "Emit PSR-7 responses"
        },
        "time": "2019-07-01T23:21:34+00:00",
        "type": "library",
        "extra": {
            "branch-alias": {
                "dev-master": "1.6-dev"
            }
        },
        "installation-source": "dist",
        "autoload": {
            "psr-4": {
                "GuzzleHttp\\Psr7\\": "src/"
            },
            "files": [
                "src/functions_include.php"
            ]
        },
        "notification-url": "https://packagist.org/downloads/",
        "license": [
            "MIT"
        ],
        "authors": [
            {
                "name": "Michael Dowling",
                "email": "mtdowling@gmail.com",
                "homepage": "https://github.com/mtdowling"
            },
            {
                "name": "Tobias Schultze",
                "homepage": "https://github.com/Tobion"
            }
        ],
        "description": "PSR-7 message implementation that also provides common utility methods",
        "keywords": [
            "http",
            "message",
            "psr-7",
            "request",
            "response",
            "stream",
            "uri",
            "url"
        ]
    },
    {
        "name": "php-di/invoker",
        "version": "1.3.3",
        "version_normalized": "1.3.3.0",
        "source": {
            "type": "git",
            "url": "https://github.com/PHP-DI/Invoker.git",
            "reference": "1f4ca63b9abc66109e53b255e465d0ddb5c2e3f7"
        },
        "dist": {
            "type": "zip",
            "url": "https://api.github.com/repos/PHP-DI/Invoker/zipball/1f4ca63b9abc66109e53b255e465d0ddb5c2e3f7",
            "reference": "1f4ca63b9abc66109e53b255e465d0ddb5c2e3f7",
            "shasum": ""
        },
        "require": {
            "container-interop/container-interop": "~1.1"
        },
        "require-dev": {
            "athletic/athletic": "~0.1.8",
            "phpunit/phpunit": "~4.5"
        },
        "time": "2016-07-14T13:09:58+00:00",
        "type": "library",
        "installation-source": "dist",
        "autoload": {
            "psr-4": {
                "Invoker\\": "src/"
            }
        },
        "notification-url": "https://packagist.org/downloads/",
        "license": [
            "MIT"
        ],
        "description": "Generic and extensible callable invoker",
        "homepage": "https://github.com/PHP-DI/Invoker",
        "keywords": [
            "callable",
            "dependency",
            "dependency-injection",
            "injection",
            "invoke",
            "invoker"
        ]
    },
    {
        "name": "php-di/php-di",
        "version": "5.4.6",
        "version_normalized": "5.4.6.0",
        "source": {
            "type": "git",
            "url": "https://github.com/PHP-DI/PHP-DI.git",
            "reference": "3f9255659595f3e289f473778bb6c51aa72abbbd"
        },
        "dist": {
            "type": "zip",
            "url": "https://api.github.com/repos/PHP-DI/PHP-DI/zipball/3f9255659595f3e289f473778bb6c51aa72abbbd",
            "reference": "3f9255659595f3e289f473778bb6c51aa72abbbd",
            "shasum": ""
        },
        "require": {
            "container-interop/container-interop": "~1.2",
            "php": ">=5.5.0",
            "php-di/invoker": "^1.3.2",
            "php-di/phpdoc-reader": "^2.0.1",
            "psr/container": "~1.0"
        },
        "provide": {
            "container-interop/container-interop-implementation": "^1.0",
            "psr/container-implementation": "^1.0"
        },
        "replace": {
            "mnapoli/php-di": "*"
        },
        "require-dev": {
            "doctrine/annotations": "~1.2",
            "doctrine/cache": "~1.4",
            "mnapoli/phpunit-easymock": "~0.2.0",
            "ocramius/proxy-manager": "~1.0|~2.0",
            "phpbench/phpbench": "@dev",
            "phpunit/phpunit": "~4.5"
        },
        "suggest": {
            "doctrine/annotations": "Install it if you want to use annotations (version ~1.2)",
            "doctrine/cache": "Install it if you want to use the cache (version ~1.4)",
            "ocramius/proxy-manager": "Install it if you want to use lazy injection (version ~1.0 or ~2.0)"
        },
        "time": "2017-12-03T08:20:27+00:00",
        "type": "library",
        "installation-source": "dist",
        "autoload": {
            "psr-4": {
                "DI\\": "src/DI/"
            },
            "files": [
                "src/DI/functions.php"
            ]
        },
        "notification-url": "https://packagist.org/downloads/",
        "license": [
            "MIT"
        ],
        "description": "The dependency injection container for humans",
        "homepage": "http://php-di.org/",
        "keywords": [
            "container",
            "dependency injection",
            "di"
        ]
    },
    {
        "name": "php-di/phpdoc-reader",
        "version": "2.1.1",
        "version_normalized": "2.1.1.0",
        "source": {
            "type": "git",
            "url": "https://github.com/PHP-DI/PhpDocReader.git",
            "reference": "15678f7451c020226807f520efb867ad26fbbfcf"
        },
        "dist": {
            "type": "zip",
            "url": "https://api.github.com/repos/PHP-DI/PhpDocReader/zipball/15678f7451c020226807f520efb867ad26fbbfcf",
            "reference": "15678f7451c020226807f520efb867ad26fbbfcf",
            "shasum": ""
        },
        "require": {
            "php": ">=5.4.0"
        },
        "require-dev": {
            "phpunit/phpunit": "~4.6"
        },
        "time": "2019-09-26T11:24:58+00:00",
        "type": "library",
        "installation-source": "dist",
        "autoload": {
            "psr-4": {
                "PhpDocReader\\": "src/PhpDocReader"
            }
        },
        "notification-url": "https://packagist.org/downloads/",
        "license": [
            "MIT"
        ],
        "description": "PhpDocReader parses @var and @param values in PHP docblocks (supports namespaced class names with the same resolution rules as PHP)",
        "keywords": [
            "phpdoc",
            "reflection"
        ]
    },
    {
        "name": "psr/container",
        "version": "1.0.0",
        "version_normalized": "1.0.0.0",
        "source": {
            "type": "git",
            "url": "https://github.com/php-fig/container.git",
            "reference": "b7ce3b176482dbbc1245ebf52b181af44c2cf55f"
        },
        "dist": {
            "type": "zip",
            "url": "https://api.github.com/repos/php-fig/container/zipball/b7ce3b176482dbbc1245ebf52b181af44c2cf55f",
            "reference": "b7ce3b176482dbbc1245ebf52b181af44c2cf55f",
            "shasum": ""
        },
        "require": {
            "php": ">=5.3.0"
        },
        "time": "2017-02-14T16:28:37+00:00",
        "type": "library",
        "extra": {
            "branch-alias": {
                "dev-master": "1.0.x-dev"
            }
        },
        "installation-source": "dist",
        "autoload": {
            "psr-4": {
                "Psr\\Container\\": "src/"
            }
        },
        "notification-url": "https://packagist.org/downloads/",
        "license": [
            "MIT"
        ],
        "authors": [
            {
                "name": "PHP-FIG",
                "homepage": "http://www.php-fig.org/"
            }
        ],
        "description": "Common Container Interface (PHP FIG PSR-11)",
        "homepage": "https://github.com/php-fig/container",
        "keywords": [
            "PSR-11",
            "container",
            "container-interface",
            "container-interop",
            "psr"
        ]
    },
    {
        "name": "psr/http-message",
        "version": "1.0.1",
        "version_normalized": "1.0.1.0",
        "source": {
            "type": "git",
            "url": "https://github.com/php-fig/http-message.git",
            "reference": "f6561bf28d520154e4b0ec72be95418abe6d9363"
        },
        "dist": {
            "type": "zip",
            "url": "https://api.github.com/repos/php-fig/http-message/zipball/f6561bf28d520154e4b0ec72be95418abe6d9363",
            "reference": "f6561bf28d520154e4b0ec72be95418abe6d9363",
            "shasum": ""
        },
        "require": {
            "php": ">=5.3.0"
        },
        "time": "2016-08-06T14:39:51+00:00",
        "type": "library",
        "extra": {
            "branch-alias": {
                "dev-master": "1.0.x-dev"
            }
        },
        "installation-source": "dist",
        "autoload": {
            "psr-4": {
                "Psr\\Http\\Message\\": "src/"
            }
        },
        "notification-url": "https://packagist.org/downloads/",
        "license": [
            "MIT"
        ],
        "authors": [
            {
                "name": "PHP-FIG",
                "homepage": "http://www.php-fig.org/"
            }
        ],
        "description": "Common interface for HTTP messages",
        "homepage": "https://github.com/php-fig/http-message",
        "keywords": [
            "http",
            "http-message",
            "psr",
            "psr-7",
            "request",
            "response"
        ]
    },
    {
        "name": "ralouphie/getallheaders",
        "version": "3.0.3",
        "version_normalized": "3.0.3.0",
        "source": {
            "type": "git",
            "url": "https://github.com/ralouphie/getallheaders.git",
            "reference": "120b605dfeb996808c31b6477290a714d356e822"
        },
        "dist": {
            "type": "zip",
            "url": "https://api.github.com/repos/ralouphie/getallheaders/zipball/120b605dfeb996808c31b6477290a714d356e822",
            "reference": "120b605dfeb996808c31b6477290a714d356e822",
            "shasum": ""
        },
        "require": {
            "php": ">=5.6"
        },
        "require-dev": {
            "php-coveralls/php-coveralls": "^2.1",
            "phpunit/phpunit": "^5 || ^6.5"
        },
        "time": "2019-03-08T08:55:37+00:00",
        "type": "library",
        "installation-source": "dist",
        "autoload": {
            "files": [
                "src/getallheaders.php"
            ]
        },
        "notification-url": "https://packagist.org/downloads/",
        "license": [
            "MIT"
        ],
        "authors": [
            {
                "name": "Ralph Khattar",
                "email": "ralph.khattar@gmail.com"
            }
        ],
        "description": "A polyfill for getallheaders."
    },
    {
        "name": "symfony/polyfill-intl-idn",
        "version": "v1.15.0",
        "version_normalized": "1.15.0.0",
        "source": {
            "type": "git",
            "url": "https://github.com/symfony/polyfill-intl-idn.git",
            "reference": "47bd6aa45beb1cd7c6a16b7d1810133b728bdfcf"
        },
        "dist": {
            "type": "zip",
            "url": "https://api.github.com/repos/symfony/polyfill-intl-idn/zipball/47bd6aa45beb1cd7c6a16b7d1810133b728bdfcf",
            "reference": "47bd6aa45beb1cd7c6a16b7d1810133b728bdfcf",
            "shasum": ""
        },
        "require": {
            "php": ">=5.3.3",
            "symfony/polyfill-mbstring": "^1.3",
            "symfony/polyfill-php72": "^1.10"
        },
        "suggest": {
            "ext-intl": "For best performance"
        },
        "time": "2020-03-09T19:04:49+00:00",
        "type": "library",
        "extra": {
            "branch-alias": {
                "dev-master": "1.15-dev"
            }
        },
        "installation-source": "dist",
        "autoload": {
            "psr-4": {
                "Symfony\\Polyfill\\Intl\\Idn\\": ""
            },
            "files": [
                "bootstrap.php"
            ]
        },
        "notification-url": "https://packagist.org/downloads/",
        "license": [
            "MIT"
        ],
        "authors": [
            {
                "name": "Laurent Bassin",
                "email": "laurent@bassin.info"
            },
            {
                "name": "Symfony Community",
                "homepage": "https://symfony.com/contributors"
            }
        ],
        "description": "Symfony polyfill for intl's idn_to_ascii and idn_to_utf8 functions",
        "homepage": "https://symfony.com",
        "keywords": [
            "compatibility",
            "idn",
            "intl",
            "polyfill",
            "portable",
            "shim"
        ],
        "funding": [
            {
                "url": "https://symfony.com/sponsor",
                "type": "custom"
            },
            {
                "url": "https://github.com/fabpot",
                "type": "github"
            },
            {
                "url": "https://tidelift.com/funding/github/packagist/symfony/symfony",
                "type": "tidelift"
            }
        ]
    },
    {
        "name": "symfony/polyfill-mbstring",
        "version": "v1.15.0",
        "version_normalized": "1.15.0.0",
        "source": {
            "type": "git",
            "url": "https://github.com/symfony/polyfill-mbstring.git",
            "reference": "81ffd3a9c6d707be22e3012b827de1c9775fc5ac"
        },
        "dist": {
            "type": "zip",
            "url": "https://api.github.com/repos/symfony/polyfill-mbstring/zipball/81ffd3a9c6d707be22e3012b827de1c9775fc5ac",
            "reference": "81ffd3a9c6d707be22e3012b827de1c9775fc5ac",
            "shasum": ""
        },
        "require": {
            "php": ">=5.3.3"
        },
        "suggest": {
            "ext-mbstring": "For best performance"
        },
        "time": "2020-03-09T19:04:49+00:00",
        "type": "library",
        "extra": {
            "branch-alias": {
                "dev-master": "1.15-dev"
            }
        },
        "installation-source": "dist",
        "autoload": {
            "psr-4": {
                "Symfony\\Polyfill\\Mbstring\\": ""
            },
            "files": [
                "bootstrap.php"
            ]
        },
        "notification-url": "https://packagist.org/downloads/",
        "license": [
            "MIT"
        ],
        "authors": [
            {
                "name": "Nicolas Grekas",
                "email": "p@tchwork.com"
            },
            {
                "name": "Symfony Community",
                "homepage": "https://symfony.com/contributors"
            }
        ],
        "description": "Symfony polyfill for the Mbstring extension",
        "homepage": "https://symfony.com",
        "keywords": [
            "compatibility",
            "mbstring",
            "polyfill",
            "portable",
            "shim"
        ],
        "funding": [
            {
                "url": "https://symfony.com/sponsor",
                "type": "custom"
            },
            {
                "url": "https://github.com/fabpot",
                "type": "github"
            },
            {
                "url": "https://tidelift.com/funding/github/packagist/symfony/symfony",
                "type": "tidelift"
            }
        ]
    },
    {
        "name": "symfony/polyfill-php72",
        "version": "v1.15.0",
        "version_normalized": "1.15.0.0",
        "source": {
            "type": "git",
            "url": "https://github.com/symfony/polyfill-php72.git",
            "reference": "37b0976c78b94856543260ce09b460a7bc852747"
        },
        "dist": {
            "type": "zip",
            "url": "https://api.github.com/repos/symfony/polyfill-php72/zipball/37b0976c78b94856543260ce09b460a7bc852747",
            "reference": "37b0976c78b94856543260ce09b460a7bc852747",
            "shasum": ""
        },
        "require": {
            "php": ">=5.3.3"
        },
        "time": "2020-02-27T09:26:54+00:00",
        "type": "library",
        "extra": {
            "branch-alias": {
                "dev-master": "1.15-dev"
            }
        },
        "installation-source": "dist",
        "autoload": {
            "psr-4": {
                "Symfony\\Polyfill\\Php72\\": ""
            },
            "files": [
                "bootstrap.php"
            ]
        },
        "notification-url": "https://packagist.org/downloads/",
        "license": [
            "MIT"
        ],
        "authors": [
            {
                "name": "Nicolas Grekas",
                "email": "p@tchwork.com"
            },
            {
                "name": "Symfony Community",
                "homepage": "https://symfony.com/contributors"
            }
        ],
        "description": "Symfony polyfill backporting some PHP 7.2+ features to lower PHP versions",
        "homepage": "https://symfony.com",
        "keywords": [
            "compatibility",
            "polyfill",
            "portable",
            "shim"
        ],
        "funding": [
            {
                "url": "https://symfony.com/sponsor",
                "type": "custom"
            },
            {
                "url": "https://github.com/fabpot",
                "type": "github"
            },
            {
                "url": "https://tidelift.com/funding/github/packagist/symfony/symfony",
                "type": "tidelift"
            }
        ]
    }
]
